fname,xgb,rf,ridge,xgb_rf_ridge
D1637.csv,171.06034128289474,399.6143427089471,212.20191808603136,310.173884910402
