fname,xgb,rf,ridge,xgb_rf_ridge
D1637.csv,0.020971991881419346,0.050412735782733364,0.0262211570009933,0.03742608809364727
