fname,xgb,rf,ridge,xgb_rf_ridge
D1637.csv,53518.5384592759,230459.18706630394,92103.30331608129,144459.50224956384
