fname,xgb,rf,ridge,xgb_rf_ridge
D1637.csv,231.340741027766,480.0616492350789,303.48526045935296,380.0782843698964
