fname,xgb,rf,ridge,xgb_rf_ridge
D1656_D1657_D1658.csv,729.9339483351935,704.9613179438512,608.7126889945472,683.9322044735864
