fname,xgb,rf,ridge,xgb_rf_ridge
D1656_D1657_D1658.csv,740.0585704985119,704.9613179438512,623.3883659010343,674.7052525111607
