fname,xgb,rf,ridge,xgb_rf_ridge
D1656_D1657_D1658.csv,0.3530015133271718,0.33622374673265537,0.29709002926507605,0.32189563800933196
