fname,xgb,rf,ridge,xgb_rf_ridge
D1656_D1657_D1658.csv,0.3481564996919647,0.33622374673265537,0.290263698590213,0.32632925126585904
