fname,xgb,rf,ridge,xgb_rf_ridge
D1656_D1657_D1658.csv,537893.8487947285,500599.6542190401,376703.12900988525,472454.2157931853
