fname,xgb,rf,ridge,xgb_rf_ridge
D1656_D1657_D1658.csv,552129.1183983996,500599.6542190401,398515.5257585479,460400.1230808326
