fname,xgb,rf,ridge,xgb_rf_ridge
D1656_D1657_D1658.csv,733.4124683932831,707.530673694816,613.7614593715422,687.35305032653
