fname,xgb,rf,ridge,xgb_rf_ridge
D1656_D1657_D1658.csv,743.0539135206809,707.530673694816,631.2808612325799,678.5279088444577
