fname,xgb,lasso,dt,xgb_lasso_dt
D1656_D1657_D1658.csv,729.9339483351935,661.324658085931,82.0431768517535,673.4355061848959
