fname,xgb,lasso,dt,xgb_lasso_dt
D1656_D1657_D1658.csv,0.3481564996919647,0.31522661399437,0.030680223931709823,0.32122126004935
