fname,xgb,lasso,dt,xgb_lasso_dt
D1656_D1657_D1658.csv,537893.8487947285,442638.0890352358,9457.860795312117,456709.7507062682
