fname,xgb,lasso,dt,xgb_lasso_dt
D1656_D1657_D1658.csv,733.4124683932831,665.310520760972,97.25153363989752,675.803041356184
