fname,ridge,lasso,enr,dt,ridge_lasso_enr_dt
D1656_D1657_D1658.csv,608.7126889945472,661.324658085931,629.8126539298329,82.0431768517535,647.2371335160407
