fname,xgb,rf,lr,xgb_rf_lr
D1637.csv,171.06034128289474,396.2352882643675,245.01496546428444,217.09918836537454
D3623.csv,17.20113570601852,20.360707641654766,17.71987893918679,17.733829709024608
