fname,xgb,rf,lr,xgb_rf_lr
D1637.csv,171.06034128289474,396.2352882643675,245.01496546428444,217.09918836537454
