fname,xgb,rf,lr,xgb_rf_lr
D1637.csv,0.020971991881419346,0.050080605865697785,,0.026528536015513846
