fname,xgb,rf,lr,xgb_rf_lr
D1637.csv,53518.5384592759,227300.67299964427,130942.41967671562,74861.55254045544
D3623.csv,559.9926402215605,655.4652737696134,541.4228029188536,505.54375392372117
