fname,xgb,rf,lr,xgb_rf_lr
D1637.csv,53518.5384592759,227300.67299964427,130942.41967671562,74861.55254045544
