fname,xgb,rf,lr,xgb_rf_lr
D1637.csv,231.340741027766,476.7606034475209,361.8596684858864,273.6083926718174
