fname,xgb,rf,lr,xgb_rf_lr
D1637.csv,231.340741027766,476.7606034475209,361.8596684858864,273.6083926718174
D3623.csv,23.664163628185985,25.602056045747837,23.268493782771017,22.48430016530915
